date,demand,sales,price,category,store,region,season,stock_level,promotions,weather
2024-04-05,51,1,47.44,Clothing,Store C,North,Autumn,40,No,Sunny
2024-05-01,873,849,20.45,Footwear,Store E,West,Autumn,139,No,Sunny
2024-11-01,152,69,47.75,Accessories,Store C,East,Autumn,183,Yes,Snowy
2024-02-09,998,945,43.57,Footwear,Store A,South,Summer,330,Yes,Rainy
2023-09-05,584,488,9.67,Footwear,Store C,West,Autumn,332,No,Rainy
2023-12-25,414,385,29.38,Footwear,Store C,North,Summer,453,No,Sunny
2023-11-24,270,186,24.32,Accessories,Store D,East,Spring,404,Yes,Sunny
2024-09-13,413,332,32.45,Accessories,Store A,West,Autumn,479,Yes,Rainy
2024-07-09,74,-13,25.9,Footwear,Store D,East,Winter,226,No,Rainy
2024-07-30,595,573,16.65,Accessories,Store A,South,Autumn,184,No,Sunny
2023-07-20,285,284,38.05,Clothing,Store C,South,Autumn,230,Yes,Cloudy
2024-10-08,792,758,39.74,Jewelry,Store B,North,Winter,413,No,Snowy
2023-02-19,650,588,30.61,Jewelry,Store B,West,Summer,337,Yes,Snowy
2023-06-12,366,280,13.13,Jewelry,Store A,East,Winter,144,No,Rainy
2024-04-26,795,767,22.07,Clothing,Store C,West,Spring,91,No,Rainy
2023-03-10,764,757,32.59,Accessories,Store A,East,Summer,312,No,Cloudy
2023-03-13,460,401,6.44,Bags,Store A,East,Autumn,401,Yes,Snowy
2023-01-14,791,703,32.14,Clothing,Store A,North,Spring,126,No,Cloudy
2023-12-22,954,941,15.03,Footwear,Store E,East,Summer,108,Yes,Snowy
2024-01-08,854,808,26.49,Bags,Store A,South,Winter,144,No,Sunny
2023-01-02,240,185,46.64,Clothing,Store E,North,Autumn,17,No,Cloudy
2024-07-27,586,570,48.15,Clothing,Store B,East,Winter,475,No,Cloudy
2024-03-01,876,814,26.92,Jewelry,Store A,North,Winter,34,No,Cloudy
2024-06-28,512,481,32.46,Bags,Store B,North,Spring,282,No,Sunny
2024-07-03,502,411,40.48,Footwear,Store A,North,Autumn,192,Yes,Snowy
2023-01-26,681,673,14.9,Bags,Store C,North,Winter,293,Yes,Snowy
2024-07-20,196,156,20.55,Clothing,Store C,West,Spring,320,Yes,Rainy
2024-04-09,802,744,37.24,Accessories,Store E,East,Winter,181,No,Cloudy
2024-10-06,988,986,40.02,Jewelry,Store D,South,Winter,204,No,Sunny
2024-05-24,101,14,29.82,Bags,Store B,North,Spring,295,No,Sunny
2023-03-01,379,282,29.24,Bags,Store B,North,Winter,5,No,Sunny
2024-10-06,476,400,21.65,Accessories,Store B,North,Winter,114,Yes,Rainy
2023-12-08,869,817,49.86,Accessories,Store B,East,Winter,182,No,Snowy
2023-11-18,781,717,30.91,Accessories,Store A,West,Spring,265,Yes,Rainy
2023-05-21,680,593,34.84,Accessories,Store A,South,Winter,406,No,Cloudy
2023-06-08,56,9,38.86,Jewelry,Store D,South,Spring,253,No,Sunny
2023-08-23,189,93,31.41,Accessories,Store B,North,Autumn,436,Yes,Snowy
2024-08-05,338,317,30.65,Clothing,Store C,West,Summer,387,No,Sunny
2024-07-05,876,807,40.24,Accessories,Store B,North,Spring,160,Yes,Rainy
2023-03-26,474,379,45.96,Jewelry,Store C,North,Autumn,210,Yes,Snowy
2024-08-27,815,735,46.48,Jewelry,Store B,West,Summer,306,Yes,Rainy
2023-09-02,696,651,16.98,Footwear,Store D,North,Autumn,287,Yes,Rainy
2023-11-27,484,412,46.07,Accessories,Store C,North,Autumn,440,Yes,Cloudy
2023-01-05,729,667,20.33,Clothing,Store B,East,Winter,244,Yes,Sunny
2024-12-03,785,712,23.14,Jewelry,Store D,West,Summer,138,Yes,Sunny
2023-09-01,56,52,38.76,Clothing,Store D,West,Autumn,376,No,Snowy
2024-07-28,363,344,38.8,Accessories,Store A,North,Summer,428,Yes,Rainy
2024-12-08,225,199,12.34,Clothing,Store E,South,Winter,378,Yes,Cloudy
2023-01-04,770,748,16.91,Accessories,Store C,South,Spring,393,Yes,Sunny
2024-04-10,532,437,33.66,Clothing,Store B,East,Autumn,379,Yes,Sunny
2023-02-11,672,600,13.12,Accessories,Store C,South,Spring,239,No,Cloudy
2024-03-02,989,960,8.24,Clothing,Store C,North,Autumn,324,No,Sunny
2023-06-11,555,555,30.8,Bags,Store B,East,Summer,44,No,Rainy
2023-07-21,895,817,35.05,Jewelry,Store E,East,Summer,374,No,Snowy
2024-05-24,917,818,24.63,Accessories,Store B,South,Winter,123,Yes,Snowy
2023-01-10,407,359,35.71,Accessories,Store E,East,Autumn,464,Yes,Cloudy
2024-09-13,667,614,29.1,Footwear,Store A,West,Winter,77,No,Snowy
2024-12-27,907,845,48.79,Clothing,Store E,North,Summer,64,No,Rainy
2023-03-05,478,463,40.71,Jewelry,Store E,North,Summer,216,Yes,Sunny
2024-07-18,654,640,45.4,Footwear,Store E,East,Autumn,331,Yes,Cloudy
2023-02-11,181,113,31.52,Footwear,Store E,North,Summer,333,No,Rainy
2023-06-10,727,727,29.12,Clothing,Store E,West,Summer,1,No,Snowy
2024-08-19,352,306,11.56,Accessories,Store B,North,Winter,289,Yes,Sunny
2024-11-13,332,302,22.13,Footwear,Store B,North,Winter,55,Yes,Rainy
2023-12-03,75,10,44.26,Bags,Store E,South,Winter,257,No,Cloudy
2024-06-16,812,810,13.68,Bags,Store E,East,Winter,328,Yes,Sunny
2024-07-06,741,643,36.49,Clothing,Store A,West,Autumn,50,No,Snowy
2023-09-20,530,454,8.7,Accessories,Store A,South,Autumn,488,Yes,Rainy
2024-05-08,702,626,30.3,Bags,Store D,East,Spring,103,No,Sunny
2023-05-02,758,665,33.03,Footwear,Store B,North,Autumn,474,No,Cloudy
2024-01-22,323,229,9.78,Jewelry,Store D,East,Winter,213,Yes,Cloudy
2024-05-24,283,197,15.11,Accessories,Store C,South,Winter,284,No,Rainy
2024-03-16,702,649,27.0,Bags,Store A,West,Winter,345,No,Cloudy
2024-07-17,386,338,12.79,Footwear,Store C,North,Winter,303,No,Cloudy
2023-03-08,299,235,45.57,Clothing,Store A,West,Summer,116,Yes,Rainy
2024-06-06,793,747,26.09,Jewelry,Store E,South,Autumn,63,No,Cloudy
2023-03-15,640,556,38.94,Accessories,Store B,West,Autumn,26,Yes,Cloudy
2024-05-26,759,698,5.69,Bags,Store D,West,Autumn,244,Yes,Sunny
2024-12-20,231,140,32.37,Footwear,Store D,East,Spring,491,Yes,Sunny
2023-02-01,811,811,36.46,Footwear,Store B,East,Winter,0,Yes,Sunny
2023-06-15,607,563,19.04,Jewelry,Store E,South,Summer,335,No,Sunny
2023-05-25,713,619,14.8,Jewelry,Store C,West,Autumn,222,Yes,Cloudy
2023-12-26,709,682,34.01,Jewelry,Store A,South,Autumn,197,No,Snowy
2023-07-16,366,339,36.25,Jewelry,Store E,West,Spring,484,Yes,Cloudy
2023-06-26,225,208,14.65,Bags,Store D,North,Winter,436,Yes,Rainy
2023-07-09,850,790,17.88,Bags,Store B,East,Summer,438,Yes,Sunny
2024-05-09,857,817,39.41,Clothing,Store D,North,Autumn,27,No,Rainy
2024-07-16,454,431,41.41,Accessories,Store D,East,Autumn,459,Yes,Cloudy
2023-03-25,560,498,45.93,Footwear,Store D,East,Autumn,338,Yes,Sunny
2023-04-26,320,275,24.51,Bags,Store A,East,Spring,135,No,Cloudy
2024-04-22,69,42,19.8,Bags,Store B,West,Winter,224,No,Snowy
2024-08-08,654,612,6.81,Clothing,Store E,North,Summer,302,No,Snowy
2024-04-23,538,526,48.76,Accessories,Store C,East,Spring,481,Yes,Sunny
2024-10-21,767,692,8.06,Clothing,Store C,North,Winter,99,Yes,Cloudy
2023-09-27,516,473,21.47,Bags,Store B,South,Autumn,95,No,Rainy
2024-08-19,760,752,7.0,Clothing,Store E,North,Summer,274,Yes,Cloudy
2023-01-11,552,467,21.0,Jewelry,Store D,South,Winter,179,No,Rainy
2024-12-02,92,18,19.55,Bags,Store E,South,Summer,467,No,Cloudy
2023-01-16,93,35,29.97,Accessories,Store B,North,Autumn,318,No,Rainy
2024-07-10,452,381,20.33,Bags,Store B,West,Winter,409,Yes,Sunny
2024-09-22,682,644,44.61,Clothing,Store B,South,Autumn,113,Yes,Rainy
2023-10-01,997,936,29.97,Clothing,Store C,East,Spring,168,No,Snowy
2024-10-25,966,958,21.63,Clothing,Store C,North,Winter,473,Yes,Sunny
2023-11-09,212,146,23.71,Jewelry,Store E,East,Summer,362,No,Rainy
2024-03-20,131,53,22.67,Accessories,Store A,West,Autumn,449,Yes,Sunny
2024-02-10,181,174,23.74,Accessories,Store E,South,Winter,413,No,Sunny
2024-03-05,643,556,10.74,Bags,Store D,North,Spring,264,Yes,Rainy
2024-06-23,271,213,6.08,Jewelry,Store C,East,Summer,43,No,Snowy
2024-12-04,402,398,30.66,Jewelry,Store C,North,Summer,67,Yes,Sunny
2024-08-02,92,43,19.25,Jewelry,Store D,West,Summer,425,Yes,Cloudy
2023-08-17,152,123,13.83,Accessories,Store C,North,Autumn,477,No,Rainy
2024-07-07,870,804,15.18,Jewelry,Store C,West,Spring,456,No,Rainy
2024-03-17,613,589,20.38,Bags,Store E,South,Summer,389,No,Snowy
2024-03-03,615,565,25.37,Clothing,Store A,North,Winter,210,Yes,Cloudy
2024-10-24,600,584,40.9,Clothing,Store B,North,Autumn,282,Yes,Snowy
2023-05-23,344,325,34.16,Accessories,Store B,North,Summer,212,Yes,Snowy
2024-04-16,825,754,42.67,Jewelry,Store C,North,Autumn,387,No,Snowy
2024-02-27,153,124,10.42,Jewelry,Store B,North,Summer,474,No,Rainy
2024-09-20,619,619,18.59,Accessories,Store C,East,Spring,253,Yes,Snowy
2024-08-12,178,163,20.57,Footwear,Store E,West,Autumn,211,Yes,Rainy
2024-06-06,892,873,25.91,Footwear,Store E,East,Spring,382,No,Rainy
2023-03-04,304,301,18.77,Clothing,Store E,South,Spring,311,Yes,Sunny
2023-02-13,455,442,43.37,Jewelry,Store D,South,Summer,492,No,Rainy
2023-10-03,947,870,27.91,Clothing,Store C,West,Autumn,454,Yes,Snowy
2024-06-06,51,-20,35.54,Jewelry,Store D,North,Autumn,453,No,Snowy
2023-10-01,866,864,6.41,Bags,Store A,West,Autumn,122,No,Snowy
2024-04-15,939,903,39.29,Bags,Store A,South,Winter,330,No,Cloudy
2023-10-12,150,124,42.8,Clothing,Store D,West,Winter,403,No,Sunny
2024-04-27,751,654,21.45,Clothing,Store B,South,Winter,53,No,Sunny
2024-03-13,975,926,19.54,Footwear,Store D,North,Summer,484,No,Snowy
2024-02-26,886,873,45.55,Accessories,Store C,South,Winter,261,Yes,Sunny
2024-10-26,859,766,7.68,Footwear,Store D,North,Spring,13,Yes,Rainy
2023-04-12,772,702,9.34,Jewelry,Store E,West,Spring,453,Yes,Cloudy
2023-12-11,702,633,16.64,Clothing,Store D,South,Autumn,107,Yes,Snowy
2024-09-10,560,489,16.51,Bags,Store A,West,Winter,341,No,Cloudy
2023-08-24,799,730,19.12,Footwear,Store D,East,Spring,424,No,Cloudy
2023-05-01,481,402,32.49,Footwear,Store C,South,Spring,136,No,Rainy
2024-05-01,79,78,10.14,Clothing,Store B,West,Summer,157,No,Sunny
2023-02-20,958,932,43.84,Clothing,Store A,North,Spring,434,Yes,Cloudy
2023-12-26,152,86,22.47,Footwear,Store D,East,Spring,420,No,Rainy
2024-06-19,924,846,10.68,Bags,Store C,West,Summer,178,Yes,Cloudy
2024-08-27,556,479,27.8,Accessories,Store A,South,Spring,273,Yes,Snowy
2023-06-24,475,434,45.71,Clothing,Store E,West,Winter,99,Yes,Sunny
2024-02-09,618,579,49.65,Jewelry,Store D,West,Winter,222,Yes,Cloudy
2024-05-22,756,668,13.02,Jewelry,Store A,West,Winter,200,Yes,Rainy
2024-01-14,336,295,27.14,Accessories,Store E,North,Autumn,198,Yes,Snowy
2024-06-14,380,306,43.96,Clothing,Store D,South,Summer,227,No,Rainy
2024-02-08,706,628,5.85,Jewelry,Store D,South,Winter,347,No,Cloudy
2024-08-31,607,592,9.06,Footwear,Store D,South,Autumn,284,Yes,Rainy
2024-12-18,222,146,7.06,Clothing,Store D,West,Winter,286,Yes,Cloudy
2024-09-09,286,200,42.51,Clothing,Store E,North,Summer,201,Yes,Sunny
2023-06-02,936,924,47.28,Accessories,Store B,North,Summer,134,Yes,Sunny
2024-10-27,526,520,16.43,Accessories,Store D,East,Autumn,280,Yes,Rainy
2024-09-10,593,546,35.41,Clothing,Store C,West,Summer,235,No,Snowy
2024-03-11,182,117,9.69,Jewelry,Store A,East,Winter,211,Yes,Snowy
2023-05-08,804,776,10.65,Clothing,Store B,South,Autumn,45,No,Sunny
2024-02-13,845,751,41.65,Footwear,Store D,East,Spring,244,No,Sunny
2023-01-08,210,154,19.27,Jewelry,Store A,South,Winter,203,No,Snowy
2023-01-19,304,301,24.94,Jewelry,Store D,North,Winter,230,Yes,Snowy
2024-01-25,419,383,32.81,Clothing,Store C,North,Summer,48,Yes,Rainy
2023-01-01,991,949,40.88,Bags,Store C,North,Summer,492,Yes,Rainy
2024-09-06,392,293,49.7,Footwear,Store E,West,Winter,278,Yes,Snowy
2023-04-26,231,202,33.2,Jewelry,Store B,East,Winter,129,No,Rainy
2023-06-03,780,736,42.83,Clothing,Store D,North,Summer,464,Yes,Snowy
2024-08-17,485,434,17.68,Footwear,Store E,North,Summer,104,Yes,Rainy
2023-12-07,923,882,36.0,Accessories,Store C,South,Spring,202,No,Snowy
2023-04-02,57,25,21.41,Bags,Store D,North,Summer,96,Yes,Rainy
2024-02-02,467,425,21.08,Jewelry,Store C,South,Winter,321,Yes,Sunny
2024-10-14,794,724,33.6,Bags,Store B,West,Spring,271,No,Sunny
2024-09-04,361,341,49.58,Clothing,Store D,East,Summer,8,Yes,Rainy
2024-08-29,476,391,39.56,Bags,Store C,South,Autumn,104,No,Snowy
2023-07-27,392,337,35.76,Bags,Store E,South,Spring,284,No,Sunny
2024-10-23,586,532,8.95,Clothing,Store B,East,Summer,323,Yes,Sunny
2023-04-24,933,908,27.76,Accessories,Store A,East,Spring,300,Yes,Snowy
2024-12-16,115,83,32.93,Jewelry,Store E,South,Spring,5,Yes,Cloudy
2023-07-30,292,271,17.36,Clothing,Store C,West,Spring,53,No,Cloudy
2023-03-23,377,351,9.11,Footwear,Store B,North,Summer,16,No,Snowy
2023-05-21,800,720,38.19,Bags,Store C,North,Autumn,42,Yes,Sunny
2023-11-16,640,587,44.03,Bags,Store C,South,Winter,316,Yes,Rainy
2024-08-11,442,362,14.11,Accessories,Store C,West,Autumn,452,No,Cloudy
2024-06-27,764,693,38.01,Accessories,Store C,East,Autumn,58,Yes,Cloudy
2024-10-01,745,730,27.67,Footwear,Store E,East,Autumn,498,No,Snowy
2024-10-26,328,307,39.72,Jewelry,Store C,North,Autumn,70,No,Snowy
2024-09-21,293,265,36.65,Clothing,Store E,North,Winter,262,Yes,Cloudy
2023-11-29,477,393,5.9,Clothing,Store E,North,Autumn,141,Yes,Cloudy
2023-10-08,351,261,11.58,Bags,Store E,West,Winter,280,Yes,Cloudy
2024-04-29,275,227,14.22,Clothing,Store B,West,Summer,488,No,Snowy
2024-04-11,855,756,34.82,Footwear,Store A,South,Summer,242,No,Rainy
2023-07-19,809,794,15.59,Jewelry,Store D,South,Spring,331,Yes,Rainy
2024-01-17,757,732,48.94,Bags,Store D,South,Winter,149,Yes,Sunny
2024-06-10,230,138,8.3,Accessories,Store D,South,Autumn,156,Yes,Sunny
2024-06-28,225,131,18.39,Clothing,Store B,West,Spring,43,Yes,Sunny
2024-12-23,496,484,28.98,Jewelry,Store C,West,Autumn,135,No,Cloudy
2024-05-04,937,926,33.04,Accessories,Store B,West,Spring,186,Yes,Rainy
2023-08-13,936,902,25.35,Jewelry,Store D,West,Winter,10,Yes,Rainy
2024-03-25,430,333,23.66,Accessories,Store A,North,Spring,304,Yes,Sunny
2024-02-18,567,552,49.83,Accessories,Store A,South,Spring,400,Yes,Rainy
2024-02-26,121,103,44.52,Accessories,Store C,North,Winter,193,No,Cloudy
2024-12-04,223,192,10.79,Bags,Store E,West,Autumn,457,No,Snowy
2024-02-18,826,790,26.93,Clothing,Store E,East,Spring,328,Yes,Cloudy
2023-02-01,203,159,48.59,Accessories,Store E,South,Summer,116,Yes,Snowy
2024-04-20,53,-16,32.06,Jewelry,Store B,East,Summer,282,No,Snowy
2024-11-01,119,33,48.82,Jewelry,Store D,North,Winter,44,Yes,Snowy
2024-01-17,651,575,20.69,Bags,Store C,South,Summer,393,Yes,Cloudy
2023-10-21,792,705,33.22,Clothing,Store D,West,Autumn,86,No,Rainy
2024-01-13,62,-25,23.39,Jewelry,Store E,North,Winter,175,No,Sunny
2023-02-10,865,771,24.93,Accessories,Store D,West,Autumn,54,No,Cloudy
2023-08-12,898,851,23.54,Footwear,Store E,North,Summer,333,Yes,Snowy
2023-08-12,678,661,25.6,Accessories,Store A,North,Winter,1,No,Rainy
2023-02-23,918,838,31.24,Accessories,Store D,North,Spring,472,No,Sunny
2023-04-11,671,616,32.12,Clothing,Store D,West,Autumn,33,Yes,Cloudy
2023-04-02,147,122,22.75,Accessories,Store D,North,Summer,441,No,Cloudy
2024-02-29,144,99,31.38,Accessories,Store B,North,Summer,224,Yes,Sunny
2023-02-26,189,124,10.56,Accessories,Store D,West,Spring,58,No,Rainy
2023-05-19,337,326,29.95,Accessories,Store B,East,Summer,359,Yes,Rainy
2023-04-10,970,949,8.54,Jewelry,Store B,South,Summer,422,Yes,Snowy
2023-09-30,613,581,46.08,Jewelry,Store A,West,Summer,468,Yes,Cloudy
2023-02-02,473,409,7.9,Clothing,Store D,East,Summer,324,No,Sunny
2024-12-27,458,395,5.24,Bags,Store C,East,Winter,255,No,Cloudy
2024-01-05,420,368,39.14,Bags,Store B,North,Summer,320,No,Rainy
2023-01-13,477,425,37.42,Footwear,Store E,East,Winter,7,Yes,Snowy
2023-06-15,919,825,5.64,Accessories,Store A,North,Summer,322,Yes,Sunny
2024-07-22,701,658,8.01,Clothing,Store C,North,Autumn,205,Yes,Sunny
2023-11-10,384,368,12.81,Footwear,Store C,East,Spring,190,No,Cloudy
2023-05-29,117,38,34.57,Clothing,Store E,South,Summer,447,Yes,Sunny
2023-05-02,362,334,43.26,Bags,Store A,North,Spring,0,Yes,Sunny
2024-06-04,753,668,40.1,Footwear,Store A,North,Summer,305,Yes,Cloudy
2023-11-11,754,666,26.58,Jewelry,Store A,West,Spring,426,Yes,Snowy
2024-06-16,465,433,18.86,Footwear,Store E,North,Summer,291,No,Snowy
2023-01-17,740,655,9.7,Accessories,Store D,South,Spring,154,Yes,Rainy
2023-09-22,171,90,41.27,Bags,Store E,North,Spring,231,No,Cloudy
2023-04-25,980,912,49.18,Footwear,Store E,East,Autumn,402,Yes,Sunny
2024-03-15,289,194,30.75,Bags,Store D,South,Autumn,8,No,Sunny
2024-10-30,520,444,9.69,Jewelry,Store E,North,Summer,174,No,Snowy
2024-07-01,761,760,13.94,Jewelry,Store A,North,Winter,419,Yes,Snowy
2023-11-20,939,845,37.82,Jewelry,Store A,East,Autumn,249,No,Cloudy
2024-04-30,441,417,40.55,Accessories,Store D,South,Summer,227,Yes,Sunny
2023-09-13,391,313,33.95,Accessories,Store C,South,Winter,173,No,Snowy
2024-06-25,793,704,20.12,Accessories,Store C,East,Summer,335,No,Sunny
2023-11-11,89,13,5.51,Jewelry,Store D,West,Autumn,144,Yes,Rainy
2024-10-04,996,934,14.85,Accessories,Store B,West,Summer,38,No,Cloudy
2023-08-23,276,185,34.54,Footwear,Store A,West,Winter,437,No,Snowy
2023-07-17,833,818,33.0,Jewelry,Store D,East,Summer,81,No,Sunny
2023-12-26,97,11,31.07,Accessories,Store E,East,Winter,7,Yes,Rainy
2023-01-04,886,840,15.93,Accessories,Store D,West,Autumn,489,Yes,Snowy
2024-03-05,695,675,25.75,Jewelry,Store A,North,Spring,10,Yes,Snowy
2023-11-04,955,876,28.65,Jewelry,Store B,East,Spring,406,No,Sunny
2024-09-05,361,338,25.19,Jewelry,Store A,East,Autumn,79,No,Sunny
2024-03-19,517,454,32.26,Jewelry,Store D,West,Spring,461,Yes,Snowy
2024-06-26,953,883,28.67,Jewelry,Store D,East,Spring,295,No,Sunny
2023-10-26,428,386,48.97,Bags,Store D,North,Spring,353,Yes,Cloudy
2023-08-31,553,530,21.45,Bags,Store C,South,Autumn,363,No,Cloudy
2024-06-18,979,920,14.01,Footwear,Store C,North,Autumn,186,Yes,Rainy
2024-07-18,329,325,7.62,Clothing,Store D,West,Autumn,43,Yes,Cloudy
2023-10-29,96,-2,11.84,Clothing,Store D,East,Spring,350,Yes,Snowy
2023-12-18,384,328,12.99,Jewelry,Store D,West,Winter,427,No,Rainy
2024-09-15,533,471,49.24,Accessories,Store C,East,Summer,374,No,Sunny
2023-10-19,902,859,6.96,Footwear,Store E,North,Winter,481,No,Cloudy
2024-04-21,243,208,27.72,Accessories,Store A,South,Autumn,104,No,Snowy
2024-01-14,257,221,12.9,Footwear,Store B,East,Summer,490,Yes,Rainy
2024-08-03,361,349,12.77,Bags,Store E,West,Summer,78,Yes,Snowy
2024-09-03,185,102,14.87,Jewelry,Store C,West,Winter,366,Yes,Rainy
2024-06-11,360,337,19.32,Bags,Store E,South,Summer,31,No,Rainy
2024-04-19,839,746,15.48,Jewelry,Store B,South,Autumn,378,Yes,Rainy
2024-05-20,827,782,23.21,Jewelry,Store A,South,Summer,18,Yes,Cloudy
2023-09-09,220,145,33.23,Clothing,Store A,South,Winter,352,Yes,Cloudy
2023-02-05,495,407,40.98,Bags,Store A,North,Summer,227,No,Sunny
2024-07-17,653,598,40.65,Clothing,Store A,South,Autumn,196,Yes,Snowy
2023-01-16,678,631,10.99,Bags,Store E,South,Autumn,296,Yes,Sunny
2024-11-22,454,386,14.29,Jewelry,Store E,West,Spring,266,No,Snowy
2023-08-07,160,109,10.85,Footwear,Store A,East,Spring,212,Yes,Rainy
2023-07-08,171,139,49.01,Jewelry,Store A,North,Winter,350,Yes,Sunny
2024-05-14,438,347,6.62,Clothing,Store C,East,Summer,88,Yes,Sunny
2023-02-10,351,340,27.57,Jewelry,Store E,West,Spring,159,No,Rainy
2024-07-22,76,54,43.8,Accessories,Store C,East,Summer,110,No,Rainy
2024-06-29,70,13,5.12,Clothing,Store C,West,Winter,291,No,Rainy
2024-04-29,436,350,12.7,Jewelry,Store D,East,Winter,413,Yes,Snowy
2023-11-26,888,811,43.54,Bags,Store E,East,Winter,282,Yes,Rainy
2023-01-20,478,461,6.53,Jewelry,Store B,North,Summer,320,Yes,Rainy
2024-09-13,938,938,33.39,Accessories,Store A,South,Summer,352,No,Rainy
2023-10-23,278,227,38.24,Clothing,Store B,South,Autumn,74,Yes,Rainy
2024-03-07,665,630,7.15,Clothing,Store E,West,Winter,282,Yes,Snowy
2023-05-15,406,340,17.12,Clothing,Store E,East,Summer,260,Yes,Sunny
2023-08-15,322,238,5.1,Accessories,Store B,East,Spring,341,No,Snowy
2023-02-12,179,129,32.98,Accessories,Store D,West,Summer,350,No,Rainy
2024-02-19,776,706,27.99,Clothing,Store E,West,Winter,468,No,Cloudy
2023-05-17,660,655,27.14,Accessories,Store D,South,Autumn,82,No,Sunny
2023-12-12,353,321,14.08,Jewelry,Store D,West,Winter,306,No,Sunny
2023-03-08,102,69,21.54,Clothing,Store B,South,Summer,242,Yes,Rainy
2023-05-09,682,651,14.54,Jewelry,Store C,North,Winter,396,Yes,Sunny
2024-05-08,923,836,14.38,Footwear,Store A,North,Summer,125,No,Rainy
2023-05-02,282,271,8.53,Footwear,Store A,South,Winter,473,No,Rainy
2024-05-20,984,980,22.31,Clothing,Store A,West,Spring,370,No,Sunny
2024-10-05,942,921,30.08,Footwear,Store A,South,Summer,477,Yes,Rainy
2024-06-09,865,859,17.95,Footwear,Store B,East,Spring,250,Yes,Cloudy
2024-01-05,601,565,15.17,Jewelry,Store C,North,Autumn,230,Yes,Cloudy
2024-12-07,740,712,18.2,Jewelry,Store E,East,Winter,298,No,Cloudy
2023-02-16,452,367,35.86,Jewelry,Store D,North,Winter,380,No,Sunny
2024-11-17,685,623,6.89,Footwear,Store D,North,Autumn,450,Yes,Cloudy
2023-02-04,102,15,47.24,Accessories,Store C,East,Spring,209,No,Sunny
2023-05-19,858,835,30.39,Clothing,Store A,South,Winter,183,No,Sunny
2023-02-25,325,257,26.77,Bags,Store C,South,Winter,159,No,Sunny
2023-11-07,570,527,32.91,Jewelry,Store E,West,Winter,153,No,Snowy
2023-07-03,923,908,6.09,Footwear,Store D,East,Winter,475,Yes,Cloudy
2023-04-22,842,797,18.1,Clothing,Store C,East,Autumn,454,Yes,Snowy
2024-03-26,302,218,45.19,Footwear,Store C,West,Winter,127,No,Rainy
2024-06-03,304,217,22.95,Clothing,Store A,South,Winter,207,Yes,Snowy
2024-09-03,770,743,38.11,Footwear,Store B,South,Autumn,353,Yes,Cloudy
2024-12-09,655,593,37.32,Accessories,Store C,West,Spring,328,Yes,Cloudy
2023-05-03,836,823,40.19,Jewelry,Store A,South,Spring,450,No,Rainy
2023-06-10,421,338,30.05,Jewelry,Store A,West,Spring,96,No,Sunny
2023-07-08,262,255,8.8,Clothing,Store A,South,Spring,255,Yes,Snowy
2023-12-12,973,945,34.66,Bags,Store A,North,Winter,290,No,Rainy
2023-12-24,605,569,32.14,Footwear,Store D,South,Autumn,226,Yes,Cloudy
2024-09-24,919,822,34.8,Accessories,Store B,West,Winter,124,No,Sunny
2024-01-29,693,640,41.24,Bags,Store C,South,Spring,76,No,Rainy
2023-03-03,167,156,5.81,Clothing,Store D,North,Summer,88,No,Sunny
2023-11-24,330,295,47.71,Clothing,Store C,North,Spring,37,No,Snowy
2024-05-28,781,688,26.14,Clothing,Store E,North,Summer,325,Yes,Cloudy
2024-10-14,853,791,39.64,Accessories,Store D,West,Winter,54,No,Rainy
2023-10-18,593,498,44.45,Clothing,Store C,East,Spring,19,No,Cloudy
2024-12-03,350,295,46.69,Jewelry,Store E,West,Summer,261,No,Sunny
2023-09-21,990,943,28.41,Accessories,Store D,South,Autumn,23,Yes,Cloudy
2023-10-30,475,406,29.8,Footwear,Store C,South,Autumn,278,No,Snowy
2024-05-29,717,662,11.48,Clothing,Store D,South,Summer,98,Yes,Sunny
2023-09-15,281,246,5.15,Bags,Store C,East,Summer,280,Yes,Cloudy
2024-03-17,278,270,16.85,Bags,Store B,North,Summer,293,No,Cloudy
2023-01-04,505,503,7.45,Accessories,Store E,East,Autumn,32,Yes,Sunny
2024-03-19,313,249,16.73,Jewelry,Store A,West,Summer,262,No,Rainy
2024-05-09,628,602,7.86,Clothing,Store B,West,Spring,253,Yes,Snowy
2023-07-27,724,667,45.67,Footwear,Store C,East,Winter,168,Yes,Snowy
2024-10-23,587,558,17.67,Jewelry,Store A,South,Winter,346,Yes,Sunny
2024-10-26,519,480,26.28,Footwear,Store D,South,Spring,197,No,Sunny
2024-05-08,498,488,30.16,Jewelry,Store E,North,Autumn,119,Yes,Cloudy
2024-07-02,940,862,44.75,Clothing,Store C,East,Winter,248,No,Sunny
2024-03-14,524,488,49.56,Footwear,Store A,East,Summer,494,Yes,Rainy
2024-04-02,760,696,45.04,Clothing,Store C,North,Winter,388,Yes,Rainy
2023-07-10,820,739,35.21,Accessories,Store D,North,Summer,352,Yes,Cloudy
2024-05-26,352,336,5.58,Jewelry,Store C,West,Spring,195,Yes,Cloudy
2023-07-24,567,501,42.13,Footwear,Store B,North,Autumn,23,No,Rainy
2023-09-26,453,431,16.73,Jewelry,Store C,North,Winter,187,No,Snowy
2023-03-22,94,3,41.5,Accessories,Store D,South,Winter,341,No,Cloudy
2024-01-12,377,286,20.23,Jewelry,Store A,West,Winter,281,No,Snowy
2024-01-12,107,26,31.96,Clothing,Store E,South,Spring,296,No,Snowy
2024-07-28,360,271,34.44,Clothing,Store B,West,Spring,449,Yes,Rainy
2023-05-30,515,433,16.71,Jewelry,Store B,East,Autumn,238,Yes,Snowy
2023-12-27,735,665,39.18,Footwear,Store D,North,Summer,191,Yes,Rainy
2023-01-28,431,422,16.8,Jewelry,Store E,West,Spring,493,Yes,Sunny
2023-12-26,825,771,47.02,Accessories,Store E,South,Autumn,179,No,Rainy
2023-07-08,122,58,35.33,Accessories,Store D,East,Spring,94,Yes,Sunny
2023-10-26,774,676,12.95,Clothing,Store A,South,Winter,91,No,Cloudy
2024-06-21,550,538,9.64,Accessories,Store C,West,Autumn,123,Yes,Rainy
2023-08-26,833,833,9.65,Clothing,Store D,West,Spring,304,No,Sunny
2024-01-21,937,862,28.3,Footwear,Store E,South,Spring,442,Yes,Cloudy
2024-03-09,97,45,13.72,Footwear,Store B,South,Autumn,317,Yes,Cloudy
2024-04-18,948,907,49.72,Footwear,Store B,East,Autumn,240,No,Cloudy
2024-09-14,309,252,18.98,Jewelry,Store A,South,Winter,436,Yes,Rainy
2024-02-05,128,55,35.43,Bags,Store C,East,Spring,356,No,Cloudy
2024-05-20,879,819,35.71,Jewelry,Store B,East,Spring,343,Yes,Snowy
2023-08-17,113,100,19.77,Clothing,Store B,South,Summer,469,Yes,Snowy
2023-08-16,421,346,23.79,Accessories,Store A,East,Winter,280,Yes,Snowy
2024-12-16,618,544,47.73,Clothing,Store D,East,Winter,150,Yes,Cloudy
2024-10-14,210,161,22.63,Accessories,Store E,West,Autumn,209,No,Rainy
2024-07-20,110,56,44.64,Jewelry,Store C,East,Summer,428,Yes,Cloudy
2024-01-01,472,463,12.77,Jewelry,Store B,North,Autumn,490,No,Snowy
2024-06-02,283,200,8.65,Accessories,Store E,North,Summer,63,Yes,Cloudy
2024-06-06,472,394,5.52,Clothing,Store E,South,Autumn,493,No,Sunny
2023-05-17,892,819,45.41,Bags,Store E,South,Winter,253,Yes,Cloudy
2023-12-15,893,803,42.55,Footwear,Store B,South,Autumn,385,No,Cloudy
2023-09-16,528,482,32.43,Footwear,Store D,East,Autumn,123,Yes,Sunny
2024-03-23,417,364,44.21,Jewelry,Store C,West,Spring,316,Yes,Cloudy
2024-08-23,808,714,6.11,Jewelry,Store D,West,Autumn,285,Yes,Snowy
2024-07-27,97,44,20.7,Clothing,Store C,West,Spring,257,No,Cloudy
2024-06-17,570,530,15.99,Footwear,Store B,East,Winter,255,No,Snowy
2023-05-07,542,452,24.46,Jewelry,Store E,West,Winter,45,Yes,Sunny
2023-07-28,473,458,23.76,Accessories,Store E,South,Winter,68,No,Sunny
2023-11-26,604,579,6.75,Accessories,Store C,South,Winter,486,No,Sunny
2024-03-01,272,256,11.41,Bags,Store A,West,Autumn,489,Yes,Cloudy
2024-10-28,560,462,23.1,Clothing,Store D,North,Spring,153,Yes,Snowy
2023-10-31,68,68,17.32,Bags,Store B,West,Winter,213,Yes,Rainy
2023-03-15,491,457,26.33,Clothing,Store D,North,Summer,340,No,Snowy
2023-02-27,815,746,38.65,Clothing,Store C,South,Summer,112,No,Cloudy
2024-01-10,763,664,10.27,Accessories,Store B,South,Winter,401,Yes,Snowy
2023-05-18,573,501,23.83,Footwear,Store D,East,Summer,101,No,Sunny
2023-05-12,605,587,40.25,Footwear,Store A,South,Winter,66,No,Cloudy
2023-04-17,533,457,42.69,Footwear,Store C,East,Summer,232,Yes,Snowy
2023-04-27,633,561,20.11,Jewelry,Store C,North,Summer,127,Yes,Cloudy
2024-02-26,478,437,28.09,Bags,Store C,West,Summer,290,Yes,Sunny
2024-07-21,757,702,21.43,Clothing,Store D,North,Winter,321,No,Cloudy
2024-07-14,651,606,11.92,Accessories,Store A,North,Winter,71,No,Sunny
2023-09-06,134,55,43.1,Accessories,Store E,North,Summer,69,Yes,Snowy
2023-04-21,794,727,35.67,Bags,Store A,West,Summer,179,No,Rainy
2023-12-15,569,516,24.27,Bags,Store B,North,Winter,211,No,Snowy
2023-10-22,783,766,22.48,Footwear,Store C,East,Autumn,381,Yes,Snowy
2024-03-27,156,99,39.71,Clothing,Store D,West,Winter,449,No,Snowy
2023-08-06,628,599,17.03,Footwear,Store B,South,Summer,77,Yes,Sunny
2023-05-23,495,404,19.39,Accessories,Store E,North,Spring,75,No,Sunny
2024-03-23,343,247,30.93,Clothing,Store B,East,Spring,182,No,Sunny
2024-04-30,472,395,44.98,Jewelry,Store C,South,Autumn,254,Yes,Sunny
2024-01-12,218,146,9.91,Jewelry,Store B,North,Spring,40,No,Rainy
2023-09-07,747,721,46.87,Jewelry,Store A,North,Winter,132,No,Rainy
2024-09-24,729,696,44.79,Bags,Store C,North,Summer,160,Yes,Rainy
2023-09-18,310,272,8.47,Jewelry,Store E,South,Winter,360,No,Cloudy
2024-11-23,304,237,9.78,Accessories,Store A,West,Autumn,205,Yes,Snowy
2023-01-17,65,13,10.45,Footwear,Store B,West,Autumn,139,Yes,Sunny
2024-01-25,381,332,12.13,Bags,Store B,North,Winter,21,No,Cloudy
2023-09-28,736,727,32.45,Clothing,Store A,South,Spring,486,No,Cloudy
2024-02-22,738,667,6.51,Bags,Store C,South,Winter,82,No,Rainy
2024-08-19,515,460,46.87,Clothing,Store D,West,Spring,13,Yes,Snowy
2024-05-10,675,667,5.32,Clothing,Store B,South,Spring,136,No,Cloudy
2023-06-21,872,810,49.62,Clothing,Store C,North,Summer,90,Yes,Cloudy
2024-11-08,587,540,15.46,Clothing,Store D,South,Summer,205,No,Sunny
2023-08-20,541,465,12.45,Footwear,Store E,South,Winter,107,Yes,Cloudy
2023-12-07,169,116,45.68,Bags,Store D,East,Spring,363,No,Sunny
2023-03-28,495,485,38.75,Clothing,Store D,North,Autumn,8,Yes,Sunny
2023-04-08,989,935,8.92,Bags,Store A,South,Summer,464,No,Cloudy
2024-06-18,435,435,31.95,Bags,Store A,North,Summer,20,Yes,Cloudy
2024-07-13,66,64,26.63,Bags,Store C,South,Autumn,482,No,Sunny
2023-10-12,403,385,46.32,Bags,Store D,North,Autumn,414,Yes,Sunny
2024-09-17,357,294,8.67,Clothing,Store E,North,Autumn,205,No,Sunny
2024-10-10,958,937,17.68,Bags,Store A,East,Autumn,258,Yes,Cloudy
2023-04-18,621,579,25.97,Footwear,Store B,North,Winter,250,Yes,Sunny
2023-11-14,62,-35,28.48,Bags,Store D,South,Autumn,37,Yes,Rainy
2024-07-28,445,363,35.57,Clothing,Store D,South,Spring,163,Yes,Cloudy
2023-02-18,454,371,9.83,Jewelry,Store D,South,Autumn,127,No,Sunny
2024-02-17,916,873,15.29,Clothing,Store B,East,Autumn,41,Yes,Sunny
2024-06-19,639,636,45.01,Footwear,Store C,East,Spring,297,No,Sunny
2024-05-08,577,495,6.19,Footwear,Store A,West,Winter,242,No,Sunny
2024-02-24,964,881,14.89,Jewelry,Store D,South,Winter,129,Yes,Sunny
2024-06-22,91,15,30.01,Clothing,Store B,West,Autumn,182,No,Cloudy
2024-06-24,470,418,23.58,Accessories,Store E,South,Summer,188,No,Sunny
2023-09-09,333,278,23.08,Jewelry,Store A,West,Winter,314,No,Sunny
2023-02-22,609,529,35.65,Clothing,Store D,West,Winter,23,No,Sunny
2023-08-16,275,230,29.49,Accessories,Store D,North,Autumn,368,No,Rainy
2024-12-12,92,89,23.88,Jewelry,Store B,South,Spring,330,No,Snowy
2024-09-25,556,501,41.41,Clothing,Store C,North,Autumn,264,No,Sunny
2023-03-22,715,649,28.79,Footwear,Store C,West,Winter,12,Yes,Cloudy
2024-12-31,381,381,27.34,Footwear,Store E,North,Spring,356,Yes,Sunny
2024-12-05,253,247,29.24,Clothing,Store D,West,Summer,449,No,Cloudy
2024-01-04,868,867,36.15,Clothing,Store A,South,Autumn,230,Yes,Rainy
2023-12-25,237,181,16.47,Clothing,Store D,North,Winter,287,No,Rainy
2023-09-23,641,605,11.66,Jewelry,Store C,East,Spring,131,Yes,Sunny
2024-03-19,749,740,35.09,Clothing,Store B,East,Summer,336,Yes,Sunny
2023-04-26,606,548,21.86,Accessories,Store D,South,Summer,157,No,Sunny
2024-08-19,589,538,20.42,Accessories,Store E,South,Autumn,290,No,Cloudy
2023-12-28,460,395,24.06,Accessories,Store C,West,Spring,282,No,Snowy
2023-03-24,943,942,48.35,Bags,Store D,West,Autumn,347,Yes,Cloudy
2024-09-09,115,66,38.88,Bags,Store B,West,Autumn,119,Yes,Rainy
2024-03-06,902,877,22.61,Footwear,Store D,West,Summer,171,No,Rainy
2023-08-29,221,212,34.55,Clothing,Store C,South,Spring,236,Yes,Sunny
2024-03-24,820,730,45.13,Bags,Store A,East,Winter,435,No,Snowy
2024-02-09,653,634,41.95,Bags,Store E,South,Winter,67,Yes,Snowy
2023-03-25,317,248,48.74,Clothing,Store B,South,Spring,280,No,Cloudy
2024-11-01,132,88,42.36,Bags,Store D,South,Spring,69,No,Cloudy
2024-08-24,265,180,6.26,Footwear,Store E,East,Autumn,68,No,Rainy
2023-10-12,314,273,41.29,Accessories,Store D,East,Summer,82,Yes,Sunny
2024-11-27,652,558,38.29,Clothing,Store C,West,Summer,158,Yes,Rainy
2023-12-15,300,254,49.99,Bags,Store D,North,Winter,140,No,Sunny
2023-04-07,547,466,21.07,Accessories,Store A,South,Summer,457,Yes,Cloudy
2023-06-07,491,403,24.35,Accessories,Store D,West,Winter,384,No,Snowy
2024-06-13,138,105,26.77,Jewelry,Store C,West,Spring,319,Yes,Rainy
2023-12-09,623,596,21.68,Footwear,Store B,South,Spring,141,Yes,Rainy
2024-05-26,691,658,13.59,Clothing,Store B,East,Winter,116,Yes,Sunny
2024-04-04,292,219,49.09,Accessories,Store E,South,Winter,394,Yes,Rainy
2023-07-05,966,965,20.19,Jewelry,Store D,North,Summer,12,No,Cloudy
2023-10-20,891,854,34.78,Accessories,Store C,South,Autumn,261,No,Sunny
2024-02-06,292,228,23.7,Jewelry,Store E,South,Spring,45,Yes,Snowy
2023-02-15,74,-3,32.45,Footwear,Store C,West,Autumn,281,No,Snowy
2023-12-28,669,652,37.38,Jewelry,Store A,South,Winter,22,No,Snowy
2024-01-22,272,247,40.92,Jewelry,Store D,East,Autumn,154,No,Snowy
2024-06-20,476,411,10.37,Footwear,Store E,North,Autumn,66,Yes,Cloudy
2023-01-06,280,279,45.29,Bags,Store B,East,Autumn,473,No,Sunny
2023-04-20,624,531,34.94,Footwear,Store C,West,Winter,461,Yes,Cloudy
2024-09-15,895,844,15.71,Bags,Store B,South,Winter,315,No,Cloudy
2023-11-18,703,684,38.68,Clothing,Store B,East,Spring,47,No,Snowy
2023-03-06,864,815,20.57,Accessories,Store A,North,Spring,429,Yes,Rainy
2024-07-22,114,46,46.99,Footwear,Store B,South,Winter,412,No,Cloudy
2023-03-11,258,164,8.55,Clothing,Store A,North,Spring,226,No,Rainy
2024-07-01,854,818,39.76,Bags,Store E,West,Summer,47,No,Snowy
2023-07-31,761,728,24.03,Bags,Store A,South,Autumn,160,Yes,Snowy
2023-07-22,650,613,44.67,Footwear,Store B,North,Spring,90,No,Cloudy
2024-11-29,139,66,30.95,Clothing,Store A,North,Autumn,183,No,Sunny
2024-09-13,51,-48,10.02,Clothing,Store E,East,Winter,118,No,Cloudy
2024-08-15,204,161,37.65,Jewelry,Store B,South,Spring,173,No,Snowy
2024-03-28,979,976,8.69,Bags,Store B,East,Autumn,67,No,Sunny
2023-12-02,836,820,21.84,Jewelry,Store C,East,Summer,221,Yes,Rainy
2023-05-08,52,-2,21.88,Accessories,Store B,North,Autumn,92,No,Cloudy
2023-07-31,631,565,26.97,Accessories,Store B,South,Winter,448,No,Sunny
2023-03-09,364,303,14.32,Accessories,Store D,South,Winter,414,Yes,Cloudy
2024-08-23,927,840,30.54,Clothing,Store D,South,Spring,156,Yes,Cloudy
2024-10-25,391,331,46.01,Clothing,Store E,East,Autumn,412,No,Rainy
2023-07-10,751,736,33.27,Accessories,Store E,North,Autumn,472,Yes,Snowy
2023-07-13,833,765,40.97,Bags,Store D,North,Autumn,360,Yes,Cloudy
2023-05-19,835,759,45.66,Jewelry,Store D,South,Spring,374,No,Sunny
2024-11-30,656,624,29.41,Accessories,Store A,South,Spring,6,No,Sunny
2023-09-11,974,879,44.72,Accessories,Store C,East,Spring,143,No,Snowy
2023-09-27,173,86,38.37,Accessories,Store B,West,Winter,390,No,Sunny
2024-10-22,961,876,45.76,Footwear,Store D,South,Summer,260,Yes,Rainy
2023-09-26,782,697,23.9,Jewelry,Store C,East,Winter,376,No,Cloudy
2024-03-01,826,826,15.35,Clothing,Store B,North,Spring,498,No,Rainy
